fundRUN,fundName,fundSeries,aafmCategory,svsCategory,svsCategoryId,currency,fundRUNSeries,userCategory,ann_return,ann_stdev
8812-9,A. CHILE CALIFICADO,D,Inversionistas Calificados Accionario Nacional,FM DIRIGIDO A INVERSIONISTAS CALIFICADOS,8.0,P,8812-9D,"Domestic Bond, < 365",0.0005483276955875471,0.182754487495468
8289-9,ACCIONES CHILE,APV,Accionario Nacional Large CAP,FM DE INVERSION EN INSTRUMENTOS DE CAPITALIZACION,5.0,P,8289-9APV,Domestic Equity,-0.026995215645829407,0.18133873809061024
8076-4,ACCIONES CHILENAS,APV,Accionario Nacional Large CAP,FM DE INVERSION EN INSTRUMENTOS DE CAPITALIZACION,5.0,P,8076-4APV,Domestic Equity,-0.0022813388037137283,0.1809852158010956
9254-1,ACCIONES EUROPA,ALTO,Accionario Europa Desarrollado,FM DE INVERSION EN INSTRUMENTOS DE CAPITALIZACION,5.0,P,9254-1ALTO,International Equity,0.004443727491882932,0.20991343033036056
8247-3,ACCIONES LATAM,A,Accionario America Latina,FM DE INVERSION EN INSTRUMENTOS DE CAPITALIZACION,5.0,P,8247-3A,International Equity,0.007010759079871809,0.238319706559041
9537-0,ACCIONES MID CAP,APV,Accionario Nacional Otros,FM DE INVERSION EN INSTRUMENTOS DE CAPITALIZACION,5.0,P,9537-0APV,Domestic Equity,-0.11857957932934204,0.22210455124690845
8529-4,ACCIONES NACIONALES,APV,Accionario Nacional Large CAP,FM DE INVERSION EN INSTRUMENTOS DE CAPITALIZACION,5.0,P,8529-4APV,Domestic Equity,-0.01335990028583367,0.184900276138721
8740-8,ACTIVA A,A,Balanceado Agresivo,FM DE LIBRE INVERSION,6.0,P,8740-8A,"Balanced, Aggressive",0.045231730119092095,0.11117616080756657
8116-7,ACTIVA C,A,Balanceado Moderado,FM DE LIBRE INVERSION,6.0,P,8116-7A,"Balanced, Moderate",0.03817234570073613,0.06836139681725593
8741-6,ACTIVA D,A,Balanceado Conservador,FM DE LIBRE INVERSION,6.0,P,8741-6A,"Balanced, Conservative",0.037247748554332105,0.04288168744630754
8886-2,ACTIVA E,A,"Fondos de Deuda > 365 Dias Nacional, Inversión en Pesos",FM DE LIBRE INVERSION,6.0,P,8886-2A,"Domestic Bond, > 365",0.03102637692927246,0.01999275618551391
8555-3,ACTIVO AGRESIVO,B,Balanceado Agresivo,FM DE INVERSION EN INSTRUMENTOS DE CAPITALIZACION,5.0,P,8555-3B,"Balanced, Aggressive",0.07591873980002695,0.12687726762703103
8377-1,ACTIVO CONTROLADO,B1,Balanceado Conservador,FM DE LIBRE INVERSION,6.0,P,8377-1B1,"Balanced, Conservative",0.048608128429316055,0.04464406523175179
9043-3,ACTIVO EQUILIBRADO,B,Balanceado Moderado,FM MIXTO,4.0,P,9043-3B,"Balanced, Moderate",0.05444295362912621,0.06909690551236172
9067-0,ACTIVO MODERADO,B,Balanceado Moderado,FM MIXTO,4.0,P,9067-0B,"Balanced, Moderate",0.052716022579785804,0.05490841131367586
8448-4,ACTIVO POTENCIADO,B,Balanceado Agresivo,FM MIXTO,4.0,P,8448-4B,"Balanced, Aggressive",0.06594510661273723,0.10380604990554593
8755-6,AHORRO A PLAZO,A,Fondos de Deuda < 365 Dias Nacional en pesos,FM DE INV.EN INST.DE DEUDA DE C/P CON DURACION <= 365 DIAS,2.0,P,8755-6A,"Domestic Bond, < 365",0.023730653145724867,0.0052589694694041575
8263-5,AHORRO CAPITAL,A,"Fondos de Deuda > 365 Dias Nacional, Inversión en UF < 3 años",FM DE INV.EN INST.DE DEUDA DE MEDIANO Y LARGO PLAZO,3.0,P,8263-5A,"Domestic Bond, > 365",0.03575810550426173,0.02511469078060003
9291-6,AHORRO CORTO PLAZO,VIVIENDA,Fondos de Deuda < 365 Dias Nacional en UF,FM DE INV.EN INST.DE DEUDA DE C/P CON DURACION <= 365 DIAS,2.0,P,9291-6VIVIENDA,"Domestic Bond, < 365",0.03968173537743236,0.010564265429219389
8240-6,AHORRO ESTRATEGICO,A,Fondos de Deuda > 365 Dias Orig. Flex,FM DE INV.EN INST.DE DEUDA DE MEDIANO Y LARGO PLAZO,3.0,P,8240-6A,"Domestic Bond, > 365",0.042122589024296,0.0409789481079087
9222-3,AHORRO MP,APV,Fondos de Deuda < 365 Dias Nacional en UF,FM DE INV.EN INST.DE DEUDA DE C/P CON DURACION <= 365 DIAS,2.0,P,9222-3APV,"Domestic Bond, < 365",0.03232542228518387,0.010879253972492257
9539-7,AHORRO PLUS,IT,Fondos de Deuda > 365 Dias Orig. Flex,FM DE LIBRE INVERSION,6.0,P,9539-7IT,"Domestic Bond, > 365",0.026259036926804757,0.00787100992347707
8135-3,ALIANZA,B,"Fondos de Deuda > 365 Dias Nacional, Inversión en Pesos",FM DE INV.EN INST.DE DEUDA DE MEDIANO Y LARGO PLAZO,3.0,P,8135-3B,"Domestic Bond, > 365",0.03562355984705068,0.019907188314999293
8859-5,ALIANZA PACIFICO,A,Accionario Países MILA,FM DE LIBRE INVERSION,6.0,P,8859-5A,International Equity,-0.014703503327473721,0.17818586080325152
8979-6,ANDINO RETORNO TOTAL,S,Accionario Países MILA,FM DE LIBRE INVERSION,6.0,P,8979-6S,International Equity,0.01646397582519965,0.10462448343985845
8131-0,ASIA,A,Accionario Asia Pacifico,FM DE INVERSION EN INSTRUMENTOS DE CAPITALIZACION,5.0,P,8131-0A,International Equity,-0.6582747205167261,0.43913366425264466
8820-K,ASIA EMERGENTE,A,Accionario Asia Emergente,FM DE LIBRE INVERSION,6.0,D,8820-KA,Emerging Equity,0.067658315959364,0.1406999235185416
8438-7,ASIA EQUITY,A,Accionario Asia Emergente,FM DE INVERSION EN INSTRUMENTOS DE CAPITALIZACION,5.0,P,8438-7A,Emerging Equity,0.07077582254781856,0.14011723399291423
8517-0,ASIATICO ACCIONARIO,B,Accionario Asia Emergente,FM DE INVERSION EN INSTRUMENTOS DE CAPITALIZACION,5.0,P,8517-0B,Emerging Equity,0.11775853469596997,0.14198635228656328
8193-0,BALANCEADO CONSERVAD,A,Balanceado Conservador,FM DE LIBRE INVERSION,6.0,P,8193-0A,"Balanced, Conservative",0.0048628275615894,0.06004987618668912
8302-K,BALANCEADO MODERADO,A,Balanceado Moderado,FM DE LIBRE INVERSION,6.0,P,8302-KA,"Balanced, Moderate",0.028284251005438188,0.0686926002628278
8043-8,BANCHILE-ACCIONES,B,Accionario Nacional Large CAP,FM DE INVERSION EN INSTRUMENTOS DE CAPITALIZACION,5.0,P,8043-8B,Domestic Equity,0.002340520608642427,0.18424532759132614
8744-0,BANCOESTADO BNP PARIBAS ACCIONES DESARROLLADAS,APV,Accionario Desarrollado,FM DE INVERSION EN INSTRUMENTOS DE CAPITALIZACION,5.0,P,8744-0APV,International Equity,0.0868662923221235,0.14627604174081335
8807-2,BANCOESTADO BNP PARIBAS MAS RENTA BICENTENARIO,A,"Fondos de Deuda > 365 Dias Nacional, Inversión en Pesos",FM DE INV.EN INST.DE DEUDA DE MEDIANO Y LARGO PLAZO,3.0,P,8807-2A,"Domestic Bond, > 365",0.0369824750755956,0.017067486969851893
8753-K,BANCOESTADO BNP PARIBAS RENTA EMERGENTE,APV,"Fondos de Deuda > 365 Dias Internacional, Mercados Emergentes",FM DE LIBRE INVERSION,6.0,P,8753-KAPV,"International Bond, > 365",0.04986825598827038,0.07340146778275583
8844-7,BANCOESTADO PERFIL DINAMICO A,APV,Balanceado Agresivo,FM DE LIBRE INVERSION,6.0,P,8844-7APV,"Balanced, Aggressive",0.05404088179163913,0.09632584484255628
8846-3,BANCOESTADO PERFIL MODERADO E,APV,Balanceado Conservador,FM DE LIBRE INVERSION,6.0,P,8846-3APV,"Balanced, Conservative",0.05122781890778416,0.03480937091417508
8845-5,BANCOESTADO PERFIL TRADICIONAL C,APV,Balanceado Moderado,FM DE LIBRE INVERSION,6.0,P,8845-5APV,"Balanced, Moderate",0.0522968380887221,0.057274765828132755
8434-4,BCI AMERICA LATINA,ALPAT,Accionario America Latina,FM MIXTO,4.0,P,8434-4ALPAT,International Equity,-0.01812511946023876,0.2190084472153398
8514-6,BCI ASIA,ALPAT,Accionario Asia Emergente,FM MIXTO,4.0,P,8514-6ALPAT,Emerging Equity,0.09906482207760403,0.14127649223444658
8970-2,BCI BONOS LATINOAMERICANOS,UNICA,Fondos de Deuda > 365 Dias Orig. Flex,FM DE INV.EN INST.DE DEUDA DE MEDIANO Y LARGO PLAZO,3.0,P,8970-2UNICA,"Domestic Bond, > 365",0.03227648206282141,0.024023929827926442
8107-8,BCI COMPETITIVO,APV,Fondos de Deuda < 90 Dias Nacional,FM DE INV.EN INST.DE DEUDA DE C/P CON DURACION <= 90 DIAS,1.0,P,8107-8APV,"Domestic Bond, < 365",0.024186086077607305,0.0030900554628474236
8037-3,BCI DEPOSITO EFECTIVO,ALPAT,Fondos de Deuda < 90 Dias Nacional,FM DE INV.EN INST.DE DEUDA DE C/P CON DURACION <= 90 DIAS,1.0,P,8037-3ALPAT,"Domestic Bond, < 365",0.0008348567527489692,0.001259302684764544
8257-0,BCI DOLAR CASH,ALPAT,"Fondos de Deuda < 90 Dias Internacional, Dolar",FM DE INV.EN INST.DE DEUDA DE C/P CON DURACION <= 90 DIAS,1.0,D,8257-0ALPAT,"International Bond, < 365",0.00829487616042246,0.0021245749232363005
8625-8,BCI EMERGENTE GLOBAL,ALTOP,Accionario Emergente,FM MIXTO,4.0,P,8625-8ALTOP,Emerging Equity,0.07852313082189033,0.13515179473424999
8712-2,BCI ESTADOS UNIDOS,ALTOP,Accionario EEUU,FM MIXTO,4.0,P,8712-2ALTOP,International Equity,0.11599252380836322,0.16407418247331348
8513-8,BCI EUROPA,ALPAT,Accionario Europa Desarrollado,FM MIXTO,4.0,P,8513-8ALPAT,International Equity,0.04739969956609014,0.17391250583346313
8608-8,BCI EXPRESS,A,Fondos de Deuda < 90 Dias Nacional,FM DE INV.EN INST.DE DEUDA DE C/P CON DURACION <= 90 DIAS,1.0,P,8608-8A,"Domestic Bond, < 365",0.02084141928565697,0.003160561474683748
8588-K,BCI FRONTERA,ALPAT,Fondos de Deuda < 365 Dias Internacional,FM DE INV.EN INST.DE DEUDA DE C/P CON DURACION <= 365 DIAS,2.0,P,8588-KALPAT,"International Bond, < 365",0.0010144288178006722,0.014556186467743534
8813-7,BCI GESTION FLEXIBLE,ALTOP,Balanceado Agresivo,FM DE LIBRE INVERSION,6.0,P,8813-7ALTOP,"Balanced, Aggressive",0.012733249487363985,0.09302472565468126
8710-6,BCI GLOBAL TITAN,ALTOP,Accionario Desarrollado,FM MIXTO,4.0,P,8710-6ALTOP,International Equity,0.11284327907938163,0.15670004870412013
8036-5,BCI RENDIMIENTO,APV,Fondos de Deuda < 90 Dias Nacional,FM DE INV.EN INST.DE DEUDA DE C/P CON DURACION <= 90 DIAS,1.0,P,8036-5APV,"Domestic Bond, < 365",0.02118192306569977,0.002650997649757774
8787-4,BCI TOP PICKS,ALTOP,Inversionistas Calificados Accionario Nacional,FM DIRIGIDO A INVERSIONISTAS CALIFICADOS,8.0,P,8787-4ALTOP,"Domestic Bond, < 365",-0.004195161271086878,0.1794866362211999
8178-7,BICE ACCIONES ASIA,D,Accionario Asia Emergente,FM DE INVERSION EN INSTRUMENTOS DE CAPITALIZACION,5.0,P,8178-7D,Emerging Equity,0.0809073252434751,0.13688869384035987
8725-4,BICE ACCIONES BRASIL,D,Accionario Brasil,FM DE LIBRE INVERSION,6.0,P,8725-4D,International Equity,-0.035840697446024916,0.29473924684072245
8114-0,BICE ACCIONES EUROPA,D,Accionario Europa Desarrollado,FM DE INVERSION EN INSTRUMENTOS DE CAPITALIZACION,5.0,P,8114-0D,International Equity,0.03678081705044045,0.16476808768041953
9223-1,BICE ACCIONES INDIA,D,Accionario Pais,FM DE LIBRE INVERSION,6.0,P,9223-1D,International Equity,0.03531679548116906,0.2174389573194481
9007-7,BICE ACCIONES JAPON,D,Accionario Pais,FM DE INVERSION EN INSTRUMENTOS DE CAPITALIZACION,5.0,P,9007-7D,International Equity,0.027850653241746848,0.15857652723182217
8801-3,BICE ACCIONES MEXICO,K,Accionario Pais,FM DE LIBRE INVERSION,6.0,P,8801-3K,International Equity,0.055263823702065284,0.2549027306884103
8937-0,BICE ACCIONES PERU,K,Accionario Pais,FM DE LIBRE INVERSION,6.0,P,8937-0K,International Equity,0.06244370448862524,0.16516917617364532
8819-6,BICE CHILE ACTIVO,D,Accionario Nacional Large CAP,FM DE INVERSION EN INSTRUMENTOS DE CAPITALIZACION,5.0,P,8819-6D,Domestic Equity,-0.017029388550226066,0.16774009824389408
8553-7,BICE CHILE MID CAP,K,Accionario Nacional Otros,FM DE INVERSION EN INSTRUMENTOS DE CAPITALIZACION,5.0,P,8553-7K,Domestic Equity,-0.06681129454854573,0.2294120344482942
8142-6,BICE CHILE SELECTIVO,D,Accionario Nacional Large CAP,FM DE INVERSION EN INSTRUMENTOS DE CAPITALIZACION,5.0,P,8142-6D,Domestic Equity,-0.030639211296522695,0.17482091915903344
8935-4,BICE COLOMBIA,K,Accionario Pais,FM DE LIBRE INVERSION,6.0,P,8935-4K,International Equity,0.01915142869114983,0.2679215872355966
8749-1,BICE COMMODITIES,D,Accionario Sectorial,FM DE LIBRE INVERSION,6.0,P,8749-1D,Domestic Equity,-0.05274293464145341,0.12487408550130887
8475-1,BICE EMERGENTE,D,Accionario Emergente,FM DE LIBRE INVERSION,6.0,P,8475-1D,Emerging Equity,0.047497716435935367,0.13250526233739587
8687-8,BICE EST AGRESIVA,D,Balanceado Moderado,FM DE LIBRE INVERSION,6.0,P,8687-8D,"Balanced, Moderate",0.04471571318007306,0.084807857514947
8032-2,BICE EST BALANCEADA,D,Balanceado Moderado,FM DE LIBRE INVERSION,6.0,P,8032-2D,"Balanced, Moderate",0.051317691514787045,0.06885011374340452
8295-3,BICE EST CONSERV,D,Balanceado Conservador,FM DE LIBRE INVERSION,6.0,P,8295-3D,"Balanced, Conservative",0.04296246015145644,0.04685963530614724
8785-8,BICE EST MAS AGRESIV,D,Balanceado Agresivo,FM DE LIBRE INVERSION,6.0,P,8785-8D,"Balanced, Aggressive",0.052796366290493335,0.10582450875649897
8933-8,BICE EST MAS CONSERV,D,Fondos de Deuda > 365 Dias Orig. Flex,FM DE LIBRE INVERSION,6.0,P,8933-8D,"Domestic Bond, > 365",0.03724078148983834,0.02832923428284096
8750-5,BICE EXTRA DOLAR,X,"Fondos de Deuda > 365 Dias Internacional, Mercados Emergentes",FM DE LIBRE INVERSION,6.0,D,8750-5X,"International Bond, > 365",0.02552190019036238,0.0979507795661129
8537-5,BICE LATAM PACIFICO,D,Accionario America Latina,FM DE INVERSION EN INSTRUMENTOS DE CAPITALIZACION,5.0,P,8537-5D,International Equity,-0.028578341904446525,0.2014579540040885
8506-5,BICE LIQUIDEZ DOLAR,APV,"Fondos de Deuda < 90 Dias Internacional, Dolar",FM DE INV.EN INST.DE DEUDA DE C/P CON DURACION <= 90 DIAS,1.0,D,8506-5APV,"International Bond, < 365",0.018261305434972952,0.0028017083167872297
8063-2,BICE LIQUIDEZ PESOS,D,Fondos de Deuda < 90 Dias Nacional,FM DE INV.EN INST.DE DEUDA DE C/P CON DURACION <= 90 DIAS,1.0,P,8063-2D,"Domestic Bond, < 365",0.022199805898278857,0.0028644574780723573
8924-9,BICE MUNDO ACTIVO,D,Accionario Desarrollado,FM DE LIBRE INVERSION,6.0,P,8924-9D,International Equity,0.07486091147842089,0.12690021478187744
8183-3,BICE NORTEAMERICA,D,Accionario EEUU,FM DE INVERSION EN INSTRUMENTOS DE CAPITALIZACION,5.0,P,8183-3D,International Equity,0.07900504355560667,0.14806112677096167
8902-8,BICE RENTA CORTO PLA,K,Fondos de Deuda < 365 Dias Nacional en pesos,FM DE INV.EN INST.DE DEUDA DE C/P CON DURACION <= 365 DIAS,2.0,P,8902-8K,"Domestic Bond, < 365",0.03662067627706089,0.0073678271362972655
9238-K,BICE RENTA LARGO PLA,D,"Fondos de Deuda > 365 Dias Nacional, Inversion UF > 3 años y =<5",FM DE INV.EN INST.DE DEUDA DE MEDIANO Y LARGO PLAZO,3.0,P,9238-KD,"Domestic Bond, > 365",0.043684958913487115,0.04107523804509719
8029-2,BICE RENTA PESOS,K,"Fondos de Deuda > 365 Dias Nacional, Inversión en Pesos",FM DE INV.EN INST.DE DEUDA DE MEDIANO Y LARGO PLAZO,3.0,P,8029-2K,"Domestic Bond, > 365",0.045957063021609734,0.021684598483904565
8141-8,BICE RENTA UF,D,"Fondos de Deuda > 365 Dias Nacional, Inversión en UF < 3 años",FM DE INV.EN INST.DE DEUDA DE MEDIANO Y LARGO PLAZO,3.0,P,8141-8D,"Domestic Bond, > 365",0.0394590249223401,0.025335535280248275
8944-3,BICE TENDENCIAS,D,Balanceado Agresivo,FM DE LIBRE INVERSION,6.0,P,8944-3D,"Balanced, Aggressive",-0.025535085264357105,0.07281123098843698
8100-0,BICE TESORERIA,CLASICA,Fondos de Deuda < 90 Dias Nacional,FM DE INV.EN INST.DE DEUDA DE C/P CON DURACION <= 90 DIAS,1.0,P,8100-0CLASICA,"Domestic Bond, < 365",0.01730316988529479,0.0028602289555267548
8172-8,BONOS HIGH YIELD G,A,"Fondos de Deuda > 365 Dias Internacional, Mercados Internacionales",FM DE LIBRE INVERSION,6.0,D,8172-8A,"International Bond, > 365",0.03741489200412662,0.07409034053368223
8244-9,BONOS LATAM,A,"Fondos de Deuda > 365 Dias Internacional, Mercados Emergentes",FM DE INV.EN INST.DE DEUDA DE MEDIANO Y LARGO PLAZO,3.0,D,8244-9A,"International Bond, > 365",0.032547483122186804,0.05747487356589891
8799-8,BRASIL ACTIVO,APV,Accionario Brasil,FM DE LIBRE INVERSION,6.0,P,8799-8APV,International Equity,0.046147588183690136,0.32270304481872913
8204-K,BTG ACCIONES CHILENAS,A,Accionario Nacional Large CAP,FM DE INVERSION EN INSTRUMENTOS DE CAPITALIZACION,5.0,P,8204-KA,Domestic Equity,-0.025516887861942616,0.20408025816642894
9449-8,BTG INVESTMENT GRADE,A,"Fondos de Deuda > 365 Dias Internacional, Mercados Emergentes",FM DE LIBRE INVERSION,6.0,D,9449-8A,"International Bond, > 365",0.0570787310622054,0.0882436296885093
8373-9,BTG PACTUAL ACCIONES ASIA EMERGENTE,A,Accionario Asia Emergente,FM DE INVERSION EN INSTRUMENTOS DE CAPITALIZACION,5.0,P,8373-9A,Emerging Equity,0.07763534531252203,0.14787685236144138
8206-6,BTG PACTUAL ACCIONES LATINOAMERICANAS,B,Accionario America Latina,FM DE INVERSION EN INSTRUMENTOS DE CAPITALIZACION,5.0,P,8206-6B,International Equity,0.039324504929457715,0.21961914317165002
8205-8,BTG PACTUAL ACCIONES USA,A,Accionario EEUU,FM DE INVERSION EN INSTRUMENTOS DE CAPITALIZACION,5.0,P,8205-8A,International Equity,0.0932837918740188,0.15800610766038747
8575-8,BTG PACTUAL BRASIL,A,Accionario Brasil,FM DE INVERSION EN INSTRUMENTOS DE CAPITALIZACION,5.0,P,8575-8A,International Equity,0.01361898854408139,0.28677973050873645
8898-6,BTG PACTUAL CHILE ACCION,B,Inversionistas Calificados Accionario Nacional,FM DIRIGIDO A INVERSIONISTAS CALIFICADOS,8.0,P,8898-6B,"Domestic Bond, < 365",-0.0014683305163833982,0.23368627529957184
9006-9,BTG PACTUAL GESTION ACTIVA,A,Balanceado Moderado,FM DE LIBRE INVERSION,6.0,P,9006-9A,"Balanced, Moderate",0.048261534587195065,0.07035338543464068
9005-0,BTG PACTUAL GLOBAL DESARROLLADO,A,Accionario Desarrollado,FM DE INVERSION EN INSTRUMENTOS DE CAPITALIZACION,5.0,P,9005-0A,International Equity,0.06672049328740126,0.1504543811184725
9024-7,BTG PACTUAL GLOBAL EMERGENTE,A,Accionario Emergente,FM DE INVERSION EN INSTRUMENTOS DE CAPITALIZACION,5.0,P,9024-7A,Emerging Equity,0.055587285555780186,0.14084838364771554
8202-3,BTG PACTUAL MONEY MARKET,A,Fondos de Deuda < 90 Dias Nacional,FM DE INV.EN INST.DE DEUDA DE C/P CON DURACION <= 90 DIAS,1.0,P,8202-3A,"Domestic Bond, < 365",0.021499583087801755,0.0025460561284531666
8618-5,BTG PACTUAL MONEY MARKET DOLAR,A,"Fondos de Deuda < 90 Dias Internacional, Dolar",FM DE INV.EN INST.DE DEUDA DE C/P CON DURACION <= 90 DIAS,1.0,D,8618-5A,"International Bond, < 365",0.009219480074128095,0.002185758509346441
8932-K,BTG PACTUAL RENTA A PLAZO,A,Fondos de Deuda < 365 Dias Nacional en pesos,FM DE INV.EN INST.DE DEUDA DE C/P CON DURACION <= 365 DIAS,2.0,P,8932-KA,"Domestic Bond, < 365",0.03079175703040682,0.010965366336253607
8950-8,BTG PACTUAL RENTA ACTIVA,A,Fondos de Deuda > 365 Dias Orig. Flex,FM DE INV.EN INST.DE DEUDA DE MEDIANO Y LARGO PLAZO,3.0,P,8950-8A,"Domestic Bond, > 365",0.024933250714812782,0.04393665607587742
8203-1,BTG PACTUAL RENTA CHILENA,A,"Fondos de Deuda > 365 Dias Nacional, Inversion UF > 3 años y =<5",FM DE INV.EN INST.DE DEUDA DE MEDIANO Y LARGO PLAZO,3.0,P,8203-1A,"Domestic Bond, > 365",0.042730313031207556,0.0359082609869372
8207-4,BTG PACTUAL RENTA LATINOAMERICANA DOLAR,A,"Fondos de Deuda > 365 Dias Internacional, Mercados Emergentes",FM DE INV.EN INST.DE DEUDA DE MEDIANO Y LARGO PLAZO,3.0,D,8207-4A,"International Bond, > 365",0.009944520389617129,0.14030196249771323
8897-8,BTG PACTUAL RENTA LOCAL,A,"Fondos de Deuda > 365 Dias Nacional, Inversión en UF < 3 años",FM DE INV.EN INST.DE DEUDA DE MEDIANO Y LARGO PLAZO,3.0,P,8897-8A,"Domestic Bond, > 365",0.0359378586875434,0.024422260011662235
8358-5,BTG PACTUAL RENTA NOMINAL,A,"Fondos de Deuda > 365 Dias Nacional, Inversión en Pesos",FM DE INV.EN INST.DE DEUDA DE MEDIANO Y LARGO PLAZO,3.0,P,8358-5A,"Domestic Bond, > 365",0.03306377055733445,0.024269175368117065
8931-1,CAPITAL EFECTIVO,A,Fondos de Deuda < 90 Dias Nacional,FM DE INV.EN INST.DE DEUDA DE C/P CON DURACION <= 90 DIAS,1.0,P,8931-1A,"Domestic Bond, < 365",0.020840877483968567,0.003101203922920282
8026-8,CAPITAL FINANCIERO,A,Fondos de Deuda < 90 Dias Nacional,FM DE INV.EN INST.DE DEUDA DE C/P CON DURACION <= 90 DIAS,1.0,P,8026-8A,"Domestic Bond, < 365",0.02114360690689887,0.0030861693519038235
8038-1,CAPITALES ACC CHI,A,Accionario Nacional Large CAP,FM DE INVERSION EN INSTRUMENTOS DE CAPITALIZACION,5.0,P,8038-1A,Domestic Equity,-0.05933684042308529,0.17385238730056699
8177-9,CASH,A,Fondos de Deuda < 90 Dias Nacional,FM DE INV.EN INST.DE DEUDA DE C/P CON DURACION <= 90 DIAS,1.0,P,8177-9A,"Domestic Bond, < 365",0.018585273841006833,0.0026954727511851947
8381-K,CHILE ACCIONES,A,Accionario Nacional Large CAP,FM DE INVERSION EN INSTRUMENTOS DE CAPITALIZACION,5.0,P,8381-KA,Domestic Equity,-0.046339518659862744,0.18107979436452654
9489-7,CHILE BLUE CHIP,BCH,Accionario Nacional Large CAP,FM DE INVERSION EN INSTRUMENTOS DE CAPITALIZACION,5.0,P,9489-7BCH,Domestic Equity,-0.07315476662928411,0.2094347872266923
8679-7,CHILE MID CAP,A,Accionario Nacional Otros,FM DE INVERSION EN INSTRUMENTOS DE CAPITALIZACION,5.0,P,8679-7A,Domestic Equity,-0.06018130584845094,0.21476646841474006
9561-3,COBERTURA GLOBAL,BCH,"Fondos de Deuda > 365 Dias Internacional, Mercados Internacionales",FM DE LIBRE INVERSION,6.0,P,9561-3BCH,"International Bond, > 365",0.03731468760846246,0.08273684765207691
9362-9,COMPASS ACC CHILENAS,A,Accionario Nacional Large CAP,FM DE INVERSION EN INSTRUMENTOS DE CAPITALIZACION,5.0,P,9362-9A,Domestic Equity,0.0009199121700957935,0.21351633970010908
8317-8,COMPROMISO BANCOESTADO,A,"Fondos de Deuda > 365 Dias Nacional, Inversión en UF < 3 años",FM DE INV.EN INST.DE DEUDA DE MEDIANO Y LARGO PLAZO,3.0,P,8317-8A,"Domestic Bond, > 365",0.04562858356499189,0.0242899464065062
9079-4,CONSERVADOR AMERICA,A,Balanceado Conservador,FM DE LIBRE INVERSION,6.0,P,9079-4A,"Balanced, Conservative",0.026870721227627126,0.04500533641339723
8375-5,CONSORCIO AHORRO DINAMICO,A,"Fondos de Deuda > 365 Dias Nacional, Inversion UF > 3 años y =<5",FM DE INV.EN INST.DE DEUDA DE MEDIANO Y LARGO PLAZO,3.0,P,8375-5A,"Domestic Bond, > 365",0.03758707473710632,0.03534681589769221
8303-8,CONSORCIO BALANCEADO,A,Balanceado Agresivo,FM DE LIBRE INVERSION,6.0,P,8303-8A,"Balanced, Aggressive",0.03000343081044976,0.10859294816181737
8320-8,CONVENIENCIA BANCOESTADO,A,Fondos de Deuda < 90 Dias Nacional,FM DE INV.EN INST.DE DEUDA DE C/P CON DURACION <= 90 DIAS,1.0,P,8320-8A,"Domestic Bond, < 365",0.022089919441607098,0.0028527099004692384
8806-4,CORPORATIVO,D,"Fondos de Deuda > 365 Dias Nacional, Inversion UF > 3 años y =<5",FM DE INV.EN INST.DE DEUDA DE MEDIANO Y LARGO PLAZO,3.0,P,8806-4D,"Domestic Bond, > 365",0.0560759981947585,0.04573433133712753
8274-0,CRECIMIENTO,A,Fondos de Deuda < 365 Dias Nacional en pesos,FM DE INV.EN INST.DE DEUDA DE C/P CON DURACION <= 365 DIAS,2.0,P,8274-0A,"Domestic Bond, < 365",-0.41480468648463953,0.402762853304808
8170-1,Consorcio Acciones C,A,Accionario Nacional Large CAP,FM DE INVERSION EN INSTRUMENTOS DE CAPITALIZACION,5.0,P,8170-1A,Domestic Equity,-0.04149480639843195,0.18600069550564372
9073-5,DCL I.G.,A,"Fondos de Deuda > 365 Dias Internacional, Mercados Emergentes",FM DE INV.EN INST.DE DEUDA DE MEDIANO Y LARGO PLAZO,3.0,D,9073-5A,"International Bond, > 365",0.03671324186877589,0.09407915956583356
8152-3,DEPOSITO XXI,B,"Fondos de Deuda > 365 Dias Nacional, Inversión en UF < 3 años",FM DE INV.EN INST.DE DEUDA DE MEDIANO Y LARGO PLAZO,3.0,P,8152-3B,"Domestic Bond, > 365",0.044786864144431116,0.02147808225960268
9056-5,DEUDA 360,A,Fondos de Deuda < 365 Dias Nacional en pesos,FM DE INV.EN INST.DE DEUDA DE C/P CON DURACION <= 365 DIAS,2.0,P,9056-5A,"Domestic Bond, < 365",0.022957258642136047,0.008299030989268834
9072-7,DEUDA CHILENA,A,Fondos de Deuda > 365 Dias Orig. Flex,FM DE INV.EN INST.DE DEUDA DE MEDIANO Y LARGO PLAZO,3.0,P,9072-7A,"Domestic Bond, > 365",0.047721426796928146,0.044327199013801416
8940-0,DEUDA CORPORATIVA,A,"Fondos de Deuda > 365 Dias Internacional, Mercados Emergentes",FM DE INV.EN INST.DE DEUDA DE MEDIANO Y LARGO PLAZO,3.0,D,8940-0A,"International Bond, > 365",0.035420037081047795,0.10967212757573841
8250-3,DEUDA CORTO PLAZO,A,Fondos de Deuda < 365 Dias Nacional en pesos,FM DE INV.EN INST.DE DEUDA DE C/P CON DURACION <= 365 DIAS,2.0,P,8250-3A,"Domestic Bond, < 365",0.027478374699232422,0.01770127371661748
9352-1,DEUDA LATAM DOLAR,CORPO,"Fondos de Deuda > 365 Dias Internacional, Mercados Emergentes",FM DE LIBRE INVERSION,6.0,D,9352-1CORPO,"International Bond, > 365",0.041893208349861544,0.12058364403774212
8422-0,DEUDA MEDIANO PLAZO,A,"Fondos de Deuda > 365 Dias Nacional, Inversión en Pesos",FM DE INV.EN INST.DE DEUDA DE MEDIANO Y LARGO PLAZO,3.0,P,8422-0A,"Domestic Bond, > 365",0.03383985658946065,0.020249670286041355
8620-7,DEUDA NOMINAL,APV,"Fondos de Deuda > 365 Dias Nacional, Inversión en Pesos",FM DE LIBRE INVERSION,6.0,P,8620-7APV,"Domestic Bond, > 365",0.04170994868523259,0.020215259230977924
8052-7,DISPONIBLE,A,Fondos de Deuda < 90 Dias Nacional,FM DE INV.EN INST.DE DEUDA DE C/P CON DURACION <= 90 DIAS,1.0,P,8052-7A,"Domestic Bond, < 365",0.011645982931978605,0.0016956546998423488
8918-4,DIVIDENDO LOCAL,A,Accionario Nacional Large CAP,FM DE INVERSION EN INSTRUMENTOS DE CAPITALIZACION,5.0,P,8918-4A,Domestic Equity,-0.024294624338750404,0.16417606943480859
9104-9,DOLAR DISPONIBLE,A,"Fondos de Deuda < 90 Dias Internacional, Dolar",FM DE INV.EN INST.DE DEUDA DE C/P CON DURACION <= 90 DIAS,1.0,D,9104-9A,"International Bond, < 365",0.0034613566276708863,0.0007432657753257653
8384-4,DOLAR MONEY MARKET,A,"Fondos de Deuda < 90 Dias Internacional, Dolar",FM DE INV.EN INST.DE DEUDA DE C/P CON DURACION <= 90 DIAS,1.0,D,8384-4A,"International Bond, < 365",0.005301498886628231,0.0015374808403513577
9054-9,EAI DEUDA CORP CHILE,A,"Fondos de Deuda > 365 Dias Nacional, Inversion en UF > 5 años",FM DE INV.EN INST.DE DEUDA DE MEDIANO Y LARGO PLAZO,3.0,P,9054-9A,"Domestic Bond, > 365",0.05533042948506983,0.05091439922256749
8916-8,EMERGENTES,A,Accionario Emergente,FM DE LIBRE INVERSION,6.0,P,8916-8A,Emerging Equity,0.05224671974370687,0.1336394077738128
8054-3,EMERGING,B,Accionario Emergente,FM DE INVERSION EN INSTRUMENTOS DE CAPITALIZACION,5.0,P,8054-3B,Emerging Equity,0.10337865107834743,0.13640097230023257
8610-K,EMERGING EUROPE EQUITY,A,Accionario Europa Emergente,FM DE INVERSION EN INSTRUMENTOS DE CAPITALIZACION,5.0,P,8610-KA,Emerging Equity,0.022006034766300475,0.1847700420935809
8723-8,ENFOQUE,A,Accionario Nacional Large CAP,FM DE LIBRE INVERSION,6.0,P,8723-8A,Domestic Equity,-0.024510060188674854,0.1937750521936461
8435-2,EQUITY RETORNO,A,Balanceado Agresivo,FM DE LIBRE INVERSION,6.0,P,8435-2A,"Balanced, Aggressive",0.05807193277678513,0.11589369110808635
9548-6,ESG ACCIONES CHILENA,B,Accionario Nacional Large CAP,FM DE INVERSION EN INSTRUMENTOS DE CAPITALIZACION,5.0,P,9548-6B,Domestic Equity,-0.12177310955081433,0.20566822952195205
8437-9,ESTADOS UNIDOS,A,Accionario EEUU,FM DE LIBRE INVERSION,6.0,D,8437-9A,International Equity,-0.5142051518249618,0.4311447958287804
8775-0,ESTRATEGIA ACTIVA,A,Balanceado Agresivo,FM DE LIBRE INVERSION,6.0,P,8775-0A,"Balanced, Aggressive",0.02944797119195397,0.11163536714436295
9042-5,ESTRATEGIA AGRESIVA,A,Balanceado Agresivo,FM MIXTO,4.0,P,9042-5A,"Balanced, Aggressive",-0.032571737784011456,0.18597378003172826
9041-7,ESTRATEGIA CONS,B,Balanceado Conservador,FM MIXTO,4.0,P,9041-7B,"Balanced, Conservative",0.04506439370076332,0.0462396784427501
9192-8,ESTRATEGIA CONSERVAD,A,Balanceado Conservador,FM DE LIBRE INVERSION,6.0,P,9192-8A,"Balanced, Conservative",0.03990109954249732,0.041740822217994605
8773-4,ESTRATEGIA CONSERVADORA,A,Balanceado Conservador,FM DE LIBRE INVERSION,6.0,P,8773-4A,"Balanced, Conservative",0.0283512764136149,0.059535094865558344
9191-K,ESTRATEGIA DEFENSIVA,A,Balanceado Conservador,FM DE LIBRE INVERSION,6.0,P,9191-KA,"Balanced, Conservative",0.03491746733143719,0.033088274504775646
8774-2,ESTRATEGIA EQUILIBRADA,A,Balanceado Moderado,FM DE LIBRE INVERSION,6.0,P,8774-2A,"Balanced, Moderate",0.028254946005342063,0.06704103757867633
8525-1,ESTRATEGIA MODERADA,A,Balanceado Moderado,FM MIXTO,4.0,P,8525-1A,"Balanced, Moderate",-0.28241489883493587,0.3721878831162085
8125-6,ESTRATEGICO,B,"Fondos de Deuda > 365 Dias Nacional, Inversion UF > 3 años y =<5",FM DE INV.EN INST.DE DEUDA DE MEDIANO Y LARGO PLAZO,3.0,P,8125-6B,"Domestic Bond, > 365",0.04983905395274979,0.0347477124130158
9019-0,ETF IT NOW IPSA,UNICA,Accionario Nacional Large CAP,FM DE INVERSION EN INSTRUMENTOS DE CAPITALIZACION,5.0,P,9019-0UNICA,Domestic Equity,-0.01396888953057085,0.18002819636873693
9533-8,ETF MSCI SCCH,UNICA,Accionario Nacional Otros,FM DE INVERSION EN INSTRUMENTOS DE CAPITALIZACION,5.0,P,9533-8UNICA,Domestic Equity,-0.1140686071671978,0.24631266348490877
8457-3,EUROAMERICA ASIA,A,Accionario Asia Emergente,FM DE LIBRE INVERSION,6.0,P,8457-3A,Emerging Equity,0.07204522795681223,0.1432012494213926
8459-K,EUROAMERICA MONEY MARKET,A,Fondos de Deuda < 90 Dias Nacional,FM DE INV.EN INST.DE DEUDA DE C/P CON DURACION <= 90 DIAS,1.0,P,8459-KA,"Domestic Bond, < 365",0.023217233411533922,0.002924667559855655
8458-1,EUROAMERICA USA,A,Accionario EEUU,FM DE LIBRE INVERSION,6.0,P,8458-1A,International Equity,0.10023145381906673,0.16270851930384736
8484-0,EUROPA,APV,Accionario Europa Desarrollado,FM DE INVERSION EN INSTRUMENTOS DE CAPITALIZACION,5.0,P,8484-0APV,International Equity,0.03506861769656555,0.16595432419103898
8129-9,EUROPA DESARROLLADA,B,Accionario Europa Desarrollado,FM DE INVERSION EN INSTRUMENTOS DE CAPITALIZACION,5.0,P,8129-9B,International Equity,0.05842562707768306,0.16025293720833522
9187-1,EUROPA ESTRATÃ‰GICO,A,Accionario Europa Desarrollado,FM MIXTO,4.0,D,9187-1A,International Equity,0.0018422869093090988,0.1652166258805602
8097-7,EUROPE EQUITY,A,Accionario Europa Desarrollado,FM DE INVERSION EN INSTRUMENTOS DE CAPITALIZACION,5.0,P,8097-7A,International Equity,0.04511041026540541,0.16256289642910035
8106-K,FAMILIA,APV,"Fondos de Deuda > 365 Dias Nacional, Inversión en UF < 3 años",FM DE INV.EN INST.DE DEUDA DE MEDIANO Y LARGO PLAZO,3.0,P,8106-KAPV,"Domestic Bond, > 365",0.044168617627518225,0.02484627812453647
8055-1,FIRST,A,"Fondos de Deuda > 365 Dias Nacional, Inversión en Pesos",FM DE INV.EN INST.DE DEUDA DE MEDIANO Y LARGO PLAZO,3.0,P,8055-1A,"Domestic Bond, > 365",0.029508743595549003,0.029730601672718956
9365-3,FM CC DEUDA LATAM IG,B,"Fondos de Deuda > 365 Dias Internacional, Mercados Emergentes",FM MIXTO,4.0,D,9365-3B,"International Bond, > 365",0.04568507042582648,0.08722997010141322
9310-6,FM CC MACRO CLP 1.5,B,Fondos de Deuda > 365 Dias Orig. Flex,FM DE LIBRE INVERSION,6.0,P,9310-6B,"Domestic Bond, > 365",0.011436745038192475,0.03661118717592502
9027-1,FM LV EUROPA,A,Accionario Europa Desarrollado,FM DE LIBRE INVERSION,6.0,D,9027-1A,International Equity,0.011072114159526913,0.16135484000156694
9428-5,FMCODAGRE,A,Balanceado Agresivo,FM DE LIBRE INVERSION,6.0,P,9428-5A,"Balanced, Aggressive",0.045816800235748856,0.1253275254154988
9429-3,FMCODBAL,A,Balanceado Moderado,FM DE LIBRE INVERSION,6.0,P,9429-3A,"Balanced, Moderate",0.03396869669830793,0.07392948468019005
9430-3,FMCODCON,A,Balanceado Conservador,FM DE LIBRE INVERSION,6.0,P,9430-3A,"Balanced, Conservative",0.03107281986552879,0.039278535173682454
9431-5,FMCODCREC,A,Balanceado Agresivo,FM DE LIBRE INVERSION,6.0,P,9431-5A,"Balanced, Aggressive",0.037022952091090966,0.10193779142186102
9432-3,FMCODMOD,A,Balanceado Conservador,FM DE LIBRE INVERSION,6.0,P,9432-3A,"Balanced, Conservative",0.03527794573766485,0.049386642831068354
9221-5,FMLV AHORRO DÃ“LAR,A,"Fondos de Deuda > 365 Dias Internacional, Mercados Emergentes",FM DE LIBRE INVERSION,6.0,D,9221-5A,"International Bond, > 365",0.018754620587551063,0.0165740847761372
8105-1,FUTURO,A,"Fondos de Deuda > 365 Dias Nacional, Inversion en UF > 5 años",FM DE INV.EN INST.DE DEUDA DE MEDIANO Y LARGO PLAZO,3.0,P,8105-1A,"Domestic Bond, > 365",0.04844331111594857,0.04884900766818097
8294-5,GLOBAL,A,Accionario Desarrollado,FM MIXTO,4.0,D,8294-5A,International Equity,0.05265820796019627,0.14094638490135258
8088-8,GLOBAL MID CAP,B,Accionario Desarrollado,FM DE INVERSION EN INSTRUMENTOS DE CAPITALIZACION,5.0,P,8088-8B,International Equity,0.0859503449441068,0.16178334324271124
8118-3,GOLD,A,"Fondos de Deuda > 365 Dias Nacional, Inversión en UF < 3 años",FM DE INV.EN INST.DE DEUDA DE MEDIANO Y LARGO PLAZO,3.0,P,8118-3A,"Domestic Bond, > 365",0.03489514070591926,0.03015242064893611
8315-1,HIPOTECARIO Y CORPOR,A,"Fondos de Deuda > 365 Dias Nacional, Inversion UF > 3 años y =<5",FM DE INV.EN INST.DE DEUDA DE MEDIANO Y LARGO PLAZO,3.0,P,8315-1A,"Domestic Bond, > 365",0.04219114772301924,0.038024429053829356
8023-3,HORIZONTE,B,"Fondos de Deuda > 365 Dias Nacional, Inversion en UF > 5 años",FM DE INV.EN INST.DE DEUDA DE MEDIANO Y LARGO PLAZO,3.0,P,8023-3B,"Domestic Bond, > 365",0.06041352593754601,0.049227709219682184
9345-9,IG LATAM,A,Inversionistas Calificados Títulos de Deuda,FM DIRIGIDO A INVERSIONISTAS CALIFICADOS,8.0,D,9345-9A,"Domestic Bond, > 365",0.04650878464917918,0.08088046696518598
8982-6,IM TRUST ACCIONES ESTRATEGICAS,A,Accionario Nacional Large CAP,FM DE INVERSION EN INSTRUMENTOS DE CAPITALIZACION,5.0,P,8982-6A,Domestic Equity,-0.016700946069733713,0.17563930931953012
8427-1,IM TRUST GLOBALES I,A,Accionario Desarrollado,FM DE LIBRE INVERSION,6.0,P,8427-1A,International Equity,0.09477596293715562,0.14991136774291053
8929-K,IM TRUST INDICE CHILE,B,Accionario Nacional Large CAP,FM DE LIBRE INVERSION,6.0,P,8929-KB,Domestic Equity,-0.028332269918754482,0.18616978432583534
8401-8,IM TRUST LIQUIDEZ,A,Fondos de Deuda < 90 Dias Nacional,FM DE INV.EN INST.DE DEUDA DE C/P CON DURACION <= 90 DIAS,1.0,P,8401-8A,"Domestic Bond, < 365",0.02201157028457512,0.002755482426459649
8945-1,IM TRUST MONEY MARKET,B,"Fondos de Deuda < 90 Dias Internacional, Dolar",FM DE INV.EN INST.DE DEUDA DE C/P CON DURACION <= 90 DIAS,1.0,D,8945-1B,"International Bond, < 365",0.008672502393089587,0.002256958362873791
8421-2,IM TRUST RENTA ESTRATEGICA,A,"Fondos de Deuda > 365 Dias Nacional, Inversion UF > 3 años y =<5",FM DE INV.EN INST.DE DEUDA DE MEDIANO Y LARGO PLAZO,3.0,P,8421-2A,"Domestic Bond, > 365",0.04401054228203671,0.03262623803242742
8442-5,IM TRUST RENTA INTERNACIONAL,A,"Fondos de Deuda > 365 Dias Internacional, Mercados Internacionales",FM DE LIBRE INVERSION,6.0,P,8442-5A,"International Bond, > 365",0.051603693501368175,0.11638652522981344
8912-5,INDEX FUND CHILE,A,Accionario Nacional Large CAP,FM DE INVERSION EN INSTRUMENTOS DE CAPITALIZACION,5.0,P,8912-5A,Domestic Equity,-0.038473327512940414,0.18112393890629686
8795-5,INDEX FUND LATAM,A,Accionario America Latina,FM DE INVERSION EN INSTRUMENTOS DE CAPITALIZACION,5.0,D,8795-5A,International Equity,-0.04054019148896082,0.2828748059117339
8987-7,INDEX FUND US,A,Accionario EEUU,FM DE INVERSION EN INSTRUMENTOS DE CAPITALIZACION,5.0,D,8987-7A,International Equity,0.0749614318089844,0.14959031092325012
8533-2,INVERSION BRASIL,B,Accionario Brasil,FM DE INVERSION EN INSTRUMENTOS DE CAPITALIZACION,5.0,P,8533-2B,International Equity,0.05009702345482192,0.31717513025705646
8534-0,INVERSION CHINA,B,Accionario Pais,FM DE INVERSION EN INSTRUMENTOS DE CAPITALIZACION,5.0,P,8534-0B,International Equity,0.12103278981343846,0.1778343428246979
8078-0,INVERSION USA,B,Accionario EEUU,FM DE INVERSION EN INSTRUMENTOS DE CAPITALIZACION,5.0,P,8078-0B,International Equity,0.1334801161134569,0.161816195329867
9294-0,INVERSIONES ALTERNAT,B,Balanceado Agresivo,FM DE LIBRE INVERSION,6.0,P,9294-0B,"Balanced, Aggressive",0.0017712264622684604,0.027886509922186494
8380-1,INVERSIONISTA CALIFI,B,Inversionistas Calificados Accionario Nacional,FM DIRIGIDO A INVERSIONISTAS CALIFICADOS,8.0,P,8380-1B,"Domestic Bond, < 365",0.014418116607359366,0.19590714711222823
8352-6,ITAU AHORRO CORTO PLAZO,S,Fondos de Deuda < 365 Dias Nacional en pesos,FM DE INV.EN INST.DE DEUDA DE C/P CON DURACION <= 365 DIAS,2.0,P,8352-6S,"Domestic Bond, < 365",0.03216692382734543,0.007028413998281631
8234-1,ITAU CONVENIENCIA,C,Fondos de Deuda < 90 Dias Nacional,FM DE INV.EN INST.DE DEUDA DE C/P CON DURACION <= 90 DIAS,1.0,P,8234-1C,"Domestic Bond, < 365",0.016994836600726204,0.0023714793297107246
9248-7,ITAU D. CORP. CHILE,IT,"Fondos de Deuda > 365 Dias Nacional, Inversion en UF > 5 años",FM DE LIBRE INVERSION,6.0,P,9248-7IT,"Domestic Bond, > 365",0.06557543077103545,0.05032809161013747
8959-1,ITAU DINAMICO,S,Fondos de Deuda > 365 Dias Orig. Flex,FM DE LIBRE INVERSION,6.0,P,8959-1S,"Domestic Bond, > 365",0.05276310878618817,0.030289676224160785
8971-0,ITAU GESTIONADO ACCI,S,Accionario Desarrollado,FM DE INVERSION EN INSTRUMENTOS DE CAPITALIZACION,5.0,P,8971-0S,International Equity,0.08270712419208959,0.15166862276605858
8993-1,ITAU GESTIONADO AGRESIVO,S,Balanceado Agresivo,FM DE LIBRE INVERSION,6.0,P,8993-1S,"Balanced, Aggressive",0.0682831015751657,0.11164350417297
8994-K,ITAU GESTIONADO CONSERVADOR,S,Balanceado Conservador,FM DE LIBRE INVERSION,6.0,P,8994-KS,"Balanced, Conservative",0.046655092861777714,0.06169960009317908
8992-3,ITAU GESTIONADO MODERADO,S,Balanceado Moderado,FM DE LIBRE INVERSION,6.0,P,8992-3S,"Balanced, Moderate",0.05535316696277648,0.07668459051903026
8254-6,ITAU LATAM CORPORATE BOND FUND,F1,"Fondos de Deuda > 365 Dias Internacional, Mercados Emergentes",FM DE LIBRE INVERSION,6.0,D,8254-6F1,"International Bond, > 365",0.05469185774929164,0.0864984066605175
8092-6,ITAU PERFORMANCE,APV,Fondos de Deuda < 90 Dias Nacional,FM DE INV.EN INST.DE DEUDA DE C/P CON DURACION <= 90 DIAS,1.0,P,8092-6APV,"Domestic Bond, < 365",0.025174665493289616,0.003048644281164665
8338-0,ITAU SELECT,S,Fondos de Deuda < 90 Dias Nacional,FM DE INV.EN INST.DE DEUDA DE C/P CON DURACION <= 90 DIAS,1.0,P,8338-0S,"Domestic Bond, < 365",0.02130290577888938,0.002953795840843112
8479-4,ITAU TOP USA,S,Accionario EEUU,FM DE INVERSION EN INSTRUMENTOS DE CAPITALIZACION,5.0,P,8479-4S,International Equity,0.03932148560780213,0.08136681799331577
8305-4,ITAÚ NATIONAL EQUITY,IT,Accionario Nacional Large CAP,FM DE INVERSION EN INSTRUMENTOS DE CAPITALIZACION,5.0,P,8305-4IT,Domestic Equity,0.0022750968027913654,0.18267775339716075
9255-K,JAPÃ“N ACCIONARIO,B,Accionario Pais,FM DE INVERSION EN INSTRUMENTOS DE CAPITALIZACION,5.0,P,9255-KB,International Equity,0.08109919540914423,0.1473629947598556
8482-4,LATAM,APV,Accionario America Latina,FM DE INVERSION EN INSTRUMENTOS DE CAPITALIZACION,5.0,P,8482-4APV,International Equity,0.025221711592246177,0.23150961254483526
8811-0,LATAM ACCIONARIO,B,Accionario America Latina,FM DE INVERSION EN INSTRUMENTOS DE CAPITALIZACION,5.0,P,8811-0B,International Equity,0.040162022839351774,0.23214574897296977
8249-K,LATAM CORP INVESTMEN,P,"Fondos de Deuda > 365 Dias Internacional, Mercados Emergentes",FM DE LIBRE INVERSION,6.0,D,8249-KP,"International Bond, > 365",0.0044547006223476515,0.012744395346201205
8098-5,LATAM EQUITY,A,Accionario America Latina,FM DE INVERSION EN INSTRUMENTOS DE CAPITALIZACION,5.0,P,8098-5A,International Equity,-0.002926350686164314,0.23330955017112695
8705-K,LATINOAMERICANO,APV,Accionario America Latina,FM DE LIBRE INVERSION,6.0,D,8705-KAPV,International Equity,0.02597076577972257,0.2884843228336003
8325-9,LIQUIDEZ DOLAR,A,"Fondos de Deuda < 90 Dias Internacional, Dolar",FM DE INV.EN INST.DE DEUDA DE C/P CON DURACION <= 90 DIAS,1.0,D,8325-9A,"International Bond, < 365",0.007721150025686185,0.002225746537099458
8130-2,MERCADO MONETARIO,A,Fondos de Deuda < 90 Dias Nacional,FM DE INV.EN INST.DE DEUDA DE C/P CON DURACION <= 90 DIAS,1.0,P,8130-2A,"Domestic Bond, < 365",0.01541837420570813,0.0023908044708085526
8277-5,MERCADOS EMERGENTES,A,Accionario Emergente,FM MIXTO,4.0,P,8277-5A,Emerging Equity,0.049599263801220594,0.14221824487176993
8062-4,MID CAP,B,Accionario Nacional Otros,FM DE INVERSION EN INSTRUMENTOS DE CAPITALIZACION,5.0,P,8062-4B,Domestic Equity,0.007610264906660946,0.22616171047393288
8881-1,MID TERM,A,Fondos de Deuda < 365 Dias Nacional en pesos,FM DE INV.EN INST.DE DEUDA DE C/P CON DURACION <= 365 DIAS,2.0,P,8881-1A,"Domestic Bond, < 365",0.015109201144396955,0.010721527712710299
8986-9,MID TERM UF,A,Fondos de Deuda < 365 Dias Nacional en UF,FM DE INV.EN INST.DE DEUDA DE C/P CON DURACION <= 365 DIAS,2.0,P,8986-9A,"Domestic Bond, < 365",0.02580024816625648,0.011740994130205356
8858-7,MILA,APV,Accionario Países MILA,FM DE INVERSION EN INSTRUMENTOS DE CAPITALIZACION,5.0,P,8858-7APV,International Equity,-0.002298067586009478,0.1622945689543988
8059-4,MONETARIO,APV,Fondos de Deuda < 90 Dias Nacional,FM DE INV.EN INST.DE DEUDA DE C/P CON DURACION <= 90 DIAS,1.0,P,8059-4APV,"Domestic Bond, < 365",0.022802416256767488,0.002796765479404325
8757-2,MONETARIO I,UNICA,Fondos de Deuda < 90 Dias Nacional,FM DE INV.EN INST.DE DEUDA DE C/P CON DURACION <= 90 DIAS,1.0,P,8757-2UNICA,"Domestic Bond, < 365",0.011013244098306396,0.0011316197699877343
8952-4,MONETARIO NOMINAL,A,Fondos de Deuda < 90 Dias Nacional,FM DE INV.EN INST.DE DEUDA DE C/P CON DURACION <= 90 DIAS,1.0,P,8952-4A,"Domestic Bond, < 365",0.01640714080413197,0.0020501707994791405
9166-9,MONETARIO XIX,UNICA,Fondos de Deuda < 90 Dias Nacional,FM DE INV.EN INST.DE DEUDA DE C/P CON DURACION <= 90 DIAS,1.0,P,9166-9UNICA,"Domestic Bond, < 365",0.0029258756133305752,0.04225940650443105
9065-4,MONETARIO XVIII,UNICA,Fondos de Deuda < 90 Dias Nacional,FM DE INV.EN INST.DE DEUDA DE C/P CON DURACION <= 90 DIAS,1.0,P,9065-4UNICA,"Domestic Bond, < 365",0.00476101061132006,0.020902455610669404
9253-3,MONETARIO XX,UNICA,Fondos de Deuda < 90 Dias Nacional,FM DE INV.EN INST.DE DEUDA DE C/P CON DURACION <= 90 DIAS,1.0,P,9253-3UNICA,"Domestic Bond, < 365",0.012372949485340401,0.029012706409758456
8111-6,MONEY MARKET,A,Fondos de Deuda < 90 Dias Nacional,FM DE INV.EN INST.DE DEUDA DE C/P CON DURACION <= 90 DIAS,1.0,P,8111-6A,"Domestic Bond, < 365",0.0021182418816823034,0.0005786271081263368
9564-8,MULTIACT CONSERVADOR,A,Fondos de Deuda > 365 Dias Orig. Flex,FM DE LIBRE INVERSION,6.0,P,9564-8A,"Domestic Bond, > 365",-0.002237410846822274,0.0740659450559652
9473-0,MULTIACTIVO AGRESIVO,A,Balanceado Agresivo,FM DE LIBRE INVERSION,6.0,P,9473-0A,"Balanced, Aggressive",0.05982827922877698,0.13035497689179995
9474-9,MULTIACTIVO MODERADO,A,Balanceado Moderado,FM DE LIBRE INVERSION,6.0,P,9474-9A,"Balanced, Moderate",0.036903673438141604,0.07057604138553289
9033-6,PERMANENCIA EXTRA LP,A,"Fondos de Deuda > 365 Dias Nacional, Inversion en UF > 5 años",FM DE INV.EN INST.DE DEUDA DE MEDIANO Y LARGO PLAZO,3.0,P,9033-6A,"Domestic Bond, > 365",0.028154595399710214,0.06492117672310466
8245-7,PORTFOLIO LIDER,A,Balanceado Moderado,FM DE LIBRE INVERSION,6.0,P,8245-7A,"Balanced, Moderate",0.035062554706892346,0.06866524347591899
8824-2,PRINCIPAL GESTION ESTRATEGICA A,A,Balanceado Agresivo,FM MIXTO,4.0,P,8824-2A,"Balanced, Aggressive",0.03710668581484078,0.11749948341383042
8825-0,PRINCIPAL GESTION ESTRATEGICA B,A,Balanceado Moderado,FM MIXTO,4.0,P,8825-0A,"Balanced, Moderate",0.0339123540388091,0.0917214415119556
8826-9,PRINCIPAL GESTION ESTRATEGICA C,A,Balanceado Moderado,FM MIXTO,4.0,P,8826-9A,"Balanced, Moderate",0.038574330482497476,0.07001717663766872
8827-7,PRINCIPAL GESTION ESTRATEGICA D,A,Balanceado Conservador,FM MIXTO,4.0,P,8827-7A,"Balanced, Conservative",0.03581924215727583,0.0554312261255402
8251-1,PRINCIPAL LIFETIME 2020,A,Balanceado Moderado,FM MIXTO,4.0,P,8251-1A,"Balanced, Moderate",0.03828511112290256,0.06858842866831347
8252-K,PRINCIPAL LIFETIME 2030,A,Balanceado Agresivo,FM MIXTO,4.0,P,8252-KA,"Balanced, Aggressive",0.04136880639398588,0.09085562535536647
8600-2,PRINCIPAL LIFETIME 2040,A,Balanceado Agresivo,FM MIXTO,4.0,P,8600-2A,"Balanced, Aggressive",0.03981704093684302,0.10846269712434942
8089-6,PROGRESION DEUDA LP,A,"Fondos de Deuda > 365 Dias Nacional, Inversion UF > 3 años y =<5",FM DE INV.EN INST.DE DEUDA DE MEDIANO Y LARGO PLAZO,3.0,P,8089-6A,"Domestic Bond, > 365",0.04148622818466663,0.03890294666824376
8788-2,PROTECCION,A,Balanceado Conservador,FM DE LIBRE INVERSION,6.0,P,8788-2A,"Balanced, Conservative",0.01484151953423929,0.05306783511725364
8316-K,PROTECCION BANCOESTADO,A,Fondos de Deuda < 365 Dias Nacional en pesos,FM DE INV.EN INST.DE DEUDA DE C/P CON DURACION <= 365 DIAS,2.0,P,8316-KA,"Domestic Bond, < 365",0.030451436096104345,0.006420619569659327
8411-5,RENDIMIENTO NOMINAL,A,"Fondos de Deuda > 365 Dias Nacional, Inversión en Pesos",FM DE INV.EN INST.DE DEUDA DE MEDIANO Y LARGO PLAZO,3.0,P,8411-5A,"Domestic Bond, > 365",0.02905681928671755,0.020596247981464227
9003-4,RENTA ACTIVA,A,Fondos de Deuda > 365 Dias Orig. Flex,FM DE INV.EN INST.DE DEUDA DE MEDIANO Y LARGO PLAZO,3.0,P,9003-4A,"Domestic Bond, > 365",0.02773044043925199,0.03522329334250729
8966-4,RENTA BALANCEADA,A,Balanceado Conservador,FM DE LIBRE INVERSION,6.0,P,8966-4A,"Balanced, Conservative",0.025138868533164382,0.035250136663763705
8676-2,RENTA BONOS CHILE,A,"Fondos de Deuda > 365 Dias Nacional, Inversion UF > 3 años y =<5",FM DE INV.EN INST.DE DEUDA DE MEDIANO Y LARGO PLAZO,3.0,P,8676-2A,"Domestic Bond, > 365",0.03527771776263822,0.043274312309283636
9021-2,RENTA CHILENA,APV,Fondos de Deuda > 365 Dias Orig. Flex,FM DE LIBRE INVERSION,6.0,P,9021-2APV,"Domestic Bond, > 365",0.04097103551427472,0.03473457648932441
8956-7,RENTA CORPORATIVA,A,"Fondos de Deuda > 365 Dias Nacional, Inversion en UF > 5 años",FM DE INV.EN INST.DE DEUDA DE MEDIANO Y LARGO PLAZO,3.0,P,8956-7A,"Domestic Bond, > 365",0.04464761344717627,0.055689136536828235
9106-5,RENTA CORTO PLAZO,A,Fondos de Deuda < 365 Dias Nacional en pesos,FM DE INV.EN INST.DE DEUDA DE C/P CON DURACION <= 365 DIAS,2.0,P,9106-5A,"Domestic Bond, < 365",0.02446725320861276,0.007790929105674785
8678-9,RENTA DEPOSITO,A,Fondos de Deuda < 90 Dias Nacional,FM DE INV.EN INST.DE DEUDA DE C/P CON DURACION <= 90 DIAS,1.0,P,8678-9A,"Domestic Bond, < 365",0.020572957319692886,0.002907931996744374
8357-7,RENTA FUTURA,A,"Fondos de Deuda > 365 Dias Nacional, Inversion UF > 3 años y =<5",FM DE INV.EN INST.DE DEUDA DE MEDIANO Y LARGO PLAZO,3.0,P,8357-7A,"Domestic Bond, > 365",-0.052609046865822795,0.19040170865099684
8776-9,RENTA INTERNACIONAL,A,"Fondos de Deuda > 365 Dias Internacional, Mercados Internacionales",FM DE LIBRE INVERSION,6.0,P,8776-9A,"International Bond, > 365",0.03791108122880993,0.10677877770732676
9084-0,RENTA LOCAL UF,A,"Fondos de Deuda > 365 Dias Nacional, Inversión en UF < 3 años",FM DE INV.EN INST.DE DEUDA DE MEDIANO Y LARGO PLAZO,3.0,P,9084-0A,"Domestic Bond, > 365",0.03280678942752191,0.0267728413263642
8609-6,RENTA NOMINAL,A,"Fondos de Deuda > 365 Dias Nacional, Inversión en Pesos",FM DE INV.EN INST.DE DEUDA DE MEDIANO Y LARGO PLAZO,3.0,P,8609-6A,"Domestic Bond, > 365",0.03275219283324349,0.01881694104982144
9145-6,RENTA NOMINAL CHILE,A,"Fondos de Deuda > 365 Dias Nacional, Inversión en Pesos",FM DE INV.EN INST.DE DEUDA DE MEDIANO Y LARGO PLAZO,3.0,P,9145-6A,"Domestic Bond, > 365",0.02303860943873537,0.019881107297098563
8028-4,RETORNO L.P. UF,B,"Fondos de Deuda > 365 Dias Nacional, Inversion en UF > 5 años",FM DE INV.EN INST.DE DEUDA DE MEDIANO Y LARGO PLAZO,3.0,P,8028-4B,"Domestic Bond, > 365",0.056872849224622435,0.06028028168222249
8577-4,SANTANDER A,APV,Balanceado Agresivo,FM DE LIBRE INVERSION,6.0,P,8577-4APV,"Balanced, Aggressive",0.07098846343249865,0.1170064880166566
8159-0,SANTANDER ACCIONES ASIA EMERGENTE,APV,Accionario Asia Emergente,FM DE INVERSION EN INSTRUMENTOS DE CAPITALIZACION,5.0,P,8159-0APV,Emerging Equity,0.10197965814576992,0.14453144440716414
8090-K,SANTANDER ACCIONES GLOBAL DESARROLLADO,APV,Accionario Desarrollado,FM DE INVERSION EN INSTRUMENTOS DE CAPITALIZACION,5.0,P,8090-KAPV,International Equity,0.07485845904450072,0.15455331448354837
8058-6,SANTANDER ACCIONES GLOBAL EMERGENTE,APV,Accionario Emergente,FM DE INVERSION EN INSTRUMENTOS DE CAPITALIZACION,5.0,P,8058-6APV,Emerging Equity,0.07207257114336629,0.1394953542180082
8160-4,SANTANDER ACCIONES LATINOAMERICA,APV,Accionario America Latina,FM DE INVERSION EN INSTRUMENTOS DE CAPITALIZACION,5.0,P,8160-4APV,International Equity,0.00395773059123794,0.24420802259784713
8488-3,SANTANDER ACCIONES USA,APV,Accionario EEUU,FM DE INVERSION EN INSTRUMENTOS DE CAPITALIZACION,5.0,P,8488-3APV,International Equity,0.18197585153121376,0.1655196209852281
8576-6,SANTANDER B,APV,Balanceado Moderado,FM DE LIBRE INVERSION,6.0,P,8576-6APV,"Balanced, Moderate",0.06716948240949172,0.0910251703224252
8287-2,SANTANDER BONOS Y LETRAS,APV,"Fondos de Deuda > 365 Dias Nacional, Inversion UF > 3 años y =<5",FM DE INV.EN INST.DE DEUDA DE MEDIANO Y LARGO PLAZO,3.0,P,8287-2APV,"Domestic Bond, > 365",0.05713432672844365,0.039422991503565534
8578-2,SANTANDER C,APV,Balanceado Moderado,FM DE LIBRE INVERSION,6.0,P,8578-2APV,"Balanced, Moderate",0.06696674732377228,0.06990046453278236
8900-1,SANTANDER D,APV,Balanceado Conservador,FM DE LIBRE INVERSION,6.0,P,8900-1APV,"Balanced, Conservative",0.05919677455015537,0.05635975800325879
8906-0,SANTANDER DEUDA LATAM,APV,"Fondos de Deuda > 365 Dias Internacional, Mercados Emergentes",FM DE LIBRE INVERSION,6.0,P,8906-0APV,"International Bond, > 365",0.044915691958868686,0.11841410385764943
9490-0,SANTANDER DEUDADOLAR,EJECU,"Fondos de Deuda > 365 Dias Internacional, Mercados Internacionales",FM DE LIBRE INVERSION,6.0,D,9490-0EJECU,"International Bond, > 365",0.04326921049181709,0.06375743486593768
8387-9,SANTANDER E,APV,Balanceado Conservador,FM DE LIBRE INVERSION,6.0,P,8387-9APV,"Balanced, Conservative",0.06006570049672133,0.04854009922909308
9405-6,SANTANDER F,INVER,Fondos de Deuda > 365 Dias Orig. Flex,FM DE LIBRE INVERSION,6.0,P,9405-6INVER,"Domestic Bond, > 365",0.03836946932378216,0.02889581994856092
8057-8,SANTANDER MONEY MARKET,APV,Fondos de Deuda < 90 Dias Nacional,FM DE INV.EN INST.DE DEUDA DE C/P CON DURACION <= 90 DIAS,1.0,P,8057-8APV,"Domestic Bond, < 365",0.022639943142754415,0.002800064584457834
8908-7,SANTANDER PRIVATE BANKING AGRESIVO,APV,Balanceado Agresivo,FM DE LIBRE INVERSION,6.0,P,8908-7APV,"Balanced, Aggressive",0.08434726213130062,0.1090267314917798
8910-9,SANTANDER PRIVATE BANKING CONSERVADOR,APV,Balanceado Conservador,FM DE LIBRE INVERSION,6.0,P,8910-9APV,"Balanced, Conservative",0.0464877147464855,0.025822394088735833
8911-7,SANTANDER PRIVATE BANKING MODERADO,APV,Balanceado Moderado,FM DE LIBRE INVERSION,6.0,P,8911-7APV,"Balanced, Moderate",0.06193980930051168,0.05492888357246147
8615-0,SANTANDER RENTA CORTO PLAZO,APV,Fondos de Deuda < 90 Dias Nacional,FM DE INV.EN INST.DE DEUDA DE C/P CON DURACION <= 90 DIAS,1.0,P,8615-0APV,"Domestic Bond, < 365",0.022816378148737604,0.0027775641876299864
8082-9,SANTANDER RENTA LARGO PLAZO PESOS,APV,"Fondos de Deuda > 365 Dias Nacional, Inversión en Pesos",FM DE INV.EN INST.DE DEUDA DE MEDIANO Y LARGO PLAZO,3.0,P,8082-9APV,"Domestic Bond, > 365",0.04422560860169167,0.018733220694056796
8077-2,SANTANDER RENTA LARGO PLAZO UF,APV,"Fondos de Deuda > 365 Dias Nacional, Inversión en UF < 3 años",FM DE INV.EN INST.DE DEUDA DE MEDIANO Y LARGO PLAZO,3.0,P,8077-2APV,"Domestic Bond, > 365",0.04885450263566615,0.026049492532545408
8280-5,SANTANDER RENTA MEDIANO PLAZO,APV,Fondos de Deuda < 365 Dias Nacional en pesos,FM DE INV.EN INST.DE DEUDA DE C/P CON DURACION <= 365 DIAS,2.0,P,8280-5APV,"Domestic Bond, < 365",0.033743298254773624,0.007630166869591749
8209-0,SANTANDER TESORERIA,CORP,Fondos de Deuda < 90 Dias Nacional,FM DE INV.EN INST.DE DEUDA DE C/P CON DURACION <= 90 DIAS,1.0,P,8209-0CORP,"Domestic Bond, < 365",0.023608517568694865,0.002994794743771201
8413-1,SCOTIA ACTIVO,A,Balanceado Agresivo,FM DE LIBRE INVERSION,6.0,P,8413-1A,"Balanced, Aggressive",0.00977545262283197,0.10271859042459452
8049-7,SCOTIA CLIPPER,A,Fondos de Deuda < 90 Dias Nacional,FM DE INV.EN INST.DE DEUDA DE C/P CON DURACION <= 90 DIAS,1.0,P,8049-7A,"Domestic Bond, < 365",0.012810709854249147,0.002125797888623155
9158-8,SCOTIA CONFIANZA,V,Fondos de Deuda < 365 Dias Nacional en UF,FM DE INV.EN INST.DE DEUDA DE C/P CON DURACION <= 365 DIAS,2.0,P,9158-8V,"Domestic Bond, < 365",0.0378177153844057,0.009921629540815529
8238-4,SCOTIA DOLAR,UNICA,"Fondos de Deuda < 90 Dias Internacional, Dolar",FM DE INV.EN INST.DE DEUDA DE C/P CON DURACION <= 90 DIAS,1.0,D,8238-4UNICA,"International Bond, < 365",0.008821296402905743,0.002426830133221572
8604-5,SCOTIA GLOBAL - RETAIL,A,Accionario Sectorial,FM DE LIBRE INVERSION,6.0,P,8604-5A,Domestic Equity,-0.010860980324077008,0.12535023464012615
8050-0,SCOTIA LEADER,A,"Fondos de Deuda > 365 Dias Nacional, Inversion UF > 3 años y =<5",FM DE INV.EN INST.DE DEUDA DE MEDIANO Y LARGO PLAZO,3.0,P,8050-0A,"Domestic Bond, > 365",0.04003561165223468,0.03798441519871893
8292-9,SCOTIA MEDIANO PLAZO,A,"Fondos de Deuda > 365 Dias Nacional, Inversión en Pesos",FM DE INV.EN INST.DE DEUDA DE MEDIANO Y LARGO PLAZO,3.0,P,8292-9A,"Domestic Bond, > 365",0.028606258688512076,0.018676971694991773
8885-4,SCOTIA MERCADOS DESARROLLADOS,A,Accionario Desarrollado,FM DE LIBRE INVERSION,6.0,P,8885-4A,International Equity,0.07402762999851809,0.13101870080169806
8392-5,SCOTIA MIXTO,A,Balanceado Moderado,FM MIXTO,4.0,P,8392-5A,"Balanced, Moderate",0.010232288555292124,0.059408809031768185
8907-9,SCOTIA OPTIMO,A,"Fondos de Deuda > 365 Dias Nacional, Inversión en UF < 3 años",FM DE INV.EN INST.DE DEUDA DE MEDIANO Y LARGO PLAZO,3.0,P,8907-9A,"Domestic Bond, > 365",0.03066585355051088,0.022307528213789854
8188-4,SCOTIA PERMANENCIA,A,Balanceado Conservador,FM DE LIBRE INVERSION,6.0,P,8188-4A,"Balanced, Conservative",0.011213733569487072,0.03509125728722616
8367-4,SCOTIA RETAIL DOLAR,A,"Fondos de Deuda < 90 Dias Internacional, Dolar",FM DE INV.EN INST.DE DEUDA DE C/P CON DURACION <= 90 DIAS,1.0,D,8367-4A,"International Bond, < 365",0.010526671308288549,0.002585291185842364
8323-2,SECURITY EMERGING MARKET,A,Accionario Emergente,FM MIXTO,4.0,D,8323-2A,Emerging Equity,0.01937250892302189,0.18137100761314404
8336-4,SECURITY EQUILIBRIO,A,Balanceado Moderado,FM DE LIBRE INVERSION,6.0,P,8336-4A,"Balanced, Moderate",0.050063466567898285,0.07070863121858402
8253-8,SECURITY PLUS,A,Fondos de Deuda < 90 Dias Nacional,FM DE INV.EN INST.DE DEUDA DE C/P CON DURACION <= 90 DIAS,1.0,P,8253-8A,"Domestic Bond, < 365",0.018546937565238952,0.002673926443433676
8306-2,SECURITY PROTECCION,A,Balanceado Conservador,FM DE INV.EN INST.DE DEUDA DE MEDIANO Y LARGO PLAZO,3.0,P,8306-2A,"Balanced, Conservative",0.037039653173032816,0.0467391638821982
8685-1,SELECCION ACCION,A,Accionario Nacional Large CAP,FM DE INVERSION EN INSTRUMENTOS DE CAPITALIZACION,5.0,P,8685-1A,Domestic Equity,-0.05352335128025598,0.17684567288899902
8707-6,SELECCION GLOBAL,A,Accionario Desarrollado,FM DE LIBRE INVERSION,6.0,P,8707-6A,International Equity,0.07752626325535772,0.14649984048487222
8684-3,SELECCION LATAM,A,Accionario America Latina,FM DE INVERSION EN INSTRUMENTOS DE CAPITALIZACION,5.0,P,8684-3A,International Equity,-0.029608434257027194,0.22891831185771203
9034-4,SELECTA CHILE,APV,Fondos de Deuda > 365 Dias Orig. Flex,FM DE LIBRE INVERSION,6.0,P,9034-4APV,"Domestic Bond, > 365",0.051202964616609226,0.026511228759284102
8372-0,SELECTAS CHILE,APV,Accionario Nacional Large CAP,FM DE INVERSION EN INSTRUMENTOS DE CAPITALIZACION,5.0,P,8372-0APV,Domestic Equity,0.02063960621139027,0.18465270651958773
8490-5,SELECTIVO,A,Accionario Nacional Large CAP,FM DE INVERSION EN INSTRUMENTOS DE CAPITALIZACION,5.0,P,8490-5A,Domestic Equity,-0.035955455738930775,0.17750806367142943
8319-4,SOLVENTE BANCOESTADO,A,Fondos de Deuda < 90 Dias Nacional,FM DE INV.EN INST.DE DEUDA DE C/P CON DURACION <= 90 DIAS,1.0,P,8319-4A,"Domestic Bond, < 365",0.021793757416868065,0.002827549245019762
9201-0,UF PLUS,APV,"Fondos de Deuda > 365 Dias Nacional, Inversion UF > 3 años y =<5",FM DE LIBRE INVERSION,6.0,P,9201-0APV,"Domestic Bond, > 365",0.046936147761503344,0.04020575101837209
8189-2,US MID CAP,B,Accionario EEUU,FM DE INVERSION EN INSTRUMENTOS DE CAPITALIZACION,5.0,P,8189-2B,International Equity,0.09496414045653134,0.1781835268213054
8915-K,USA,A,Accionario EEUU,FM DE LIBRE INVERSION,6.0,P,8915-KA,International Equity,0.10522483942654426,0.1599820898190153
8113-2,USA EQUITY,A,Accionario EEUU,FM DE INVERSION EN INSTRUMENTOS DE CAPITALIZACION,5.0,P,8113-2A,International Equity,0.09825278348109956,0.1573266792093165
8127-2,UTILIDADES,B,Fondos de Deuda < 365 Dias Nacional en UF,FM DE INV.EN INST.DE DEUDA DE C/P CON DURACION <= 365 DIAS,2.0,P,8127-2B,"Domestic Bond, < 365",0.0320636544090207,0.011986925428308563
8304-6,VALOR PLUS,A,Fondos de Deuda < 365 Dias Nacional en pesos,FM DE INV.EN INST.DE DEUDA DE C/P CON DURACION <= 365 DIAS,2.0,P,8304-6A,"Domestic Bond, < 365",0.02941249620735764,0.006766133821392308
8991-5,VALOR PLUS UF,PERSO,Fondos de Deuda < 365 Dias Nacional en UF,FM DE INV.EN INST.DE DEUDA DE C/P CON DURACION <= 365 DIAS,2.0,P,8991-5PERSO,"Domestic Bond, < 365",0.025965915281277674,0.01057262371102404
8011-K,VISION MONEY MARKET,100,Fondos de Deuda < 90 Dias Nacional,FM DE INV.EN INST.DE DEUDA DE C/P CON DURACION <= 90 DIAS,1.0,P,8011-K100,"Domestic Bond, < 365",0.02585468170924221,0.002989988398863082
8346-1,ZURICH PATRIMONIO,A,"Fondos de Deuda > 365 Dias Nacional, Inversion UF > 3 años y =<5",FM DE INV.EN INST.DE DEUDA DE MEDIANO Y LARGO PLAZO,3.0,P,8346-1A,"Domestic Bond, > 365",0.029409653209607978,0.044012793021556834
8621-5,ZURICH SELECT GLOBAL,A,Accionario Desarrollado,FM DE LIBRE INVERSION,6.0,P,8621-5A,International Equity,0.08119626796416668,0.1457064936382338
